class,samples,v4_top1,v6_top1,avg_top1,conf_top1,trust_top1,oracle_top1
ALS_IceBucket_Challenge,3,66.66666666666667,33.333333333333336,66.66666666666667,66.66666666666667,33.333333333333336,66.66666666666667
CPR,3,33.333333333333336,33.333333333333336,33.333333333333336,33.333333333333336,33.333333333333336,33.333333333333336
abseiling,3,66.66666666666667,33.333333333333336,66.66666666666667,66.66666666666667,66.66666666666667,66.66666666666667
add_new_car_tire,3,0.0,0.0,0.0,0.0,0.0,0.0
adjusting_glasses,3,0.0,66.66666666666667,33.333333333333336,66.66666666666667,66.66666666666667,66.66666666666667
air_drumming,3,0.0,0.0,0.0,0.0,0.0,0.0
air_guitar,3,0.0,33.333333333333336,0.0,0.0,0.0,33.333333333333336
air_hocky,3,0.0,0.0,0.0,0.0,0.0,0.0
alligator_wrestling,3,66.66666666666667,33.333333333333336,33.333333333333336,33.333333333333336,33.333333333333336,66.66666666666667
applauding,3,0.0,0.0,0.0,0.0,0.0,0.0
applying_cream,3,33.333333333333336,66.66666666666667,33.333333333333336,33.333333333333336,33.333333333333336,66.66666666666667
archery,3,0.0,33.333333333333336,33.333333333333336,33.333333333333336,33.333333333333336,33.333333333333336
arm_wave,3,0.0,0.0,0.0,0.0,0.0,0.0
arm_wrestling,3,33.333333333333336,0.0,33.333333333333336,33.333333333333336,33.333333333333336,33.333333333333336
atlatl_throw,3,0.0,33.333333333333336,33.333333333333336,33.333333333333336,33.333333333333336,33.333333333333336
axe_throwing,3,0.0,0.0,0.0,0.0,0.0,0.0
backflip,3,66.66666666666667,33.333333333333336,66.66666666666667,66.66666666666667,66.66666666666667,66.66666666666667
backward_roll,3,100.0,100.0,100.0,100.0,100.0,100.0
badminton_overswing,3,33.333333333333336,0.0,33.333333333333336,33.333333333333336,33.333333333333336,33.333333333333336
badminton_serve,3,33.333333333333336,66.66666666666667,33.333333333333336,33.333333333333336,66.66666666666667,66.66666666666667
badminton_underswing,3,33.333333333333336,66.66666666666667,33.333333333333336,33.333333333333336,66.66666666666667,66.66666666666667
balancebeam_flip,3,33.333333333333336,33.333333333333336,33.333333333333336,33.333333333333336,33.333333333333336,33.333333333333336
balancebeam_jump,3,66.66666666666667,100.0,100.0,66.66666666666667,66.66666666666667,100.0
balancebeam_rotate,3,33.333333333333336,0.0,0.0,0.0,33.333333333333336,33.333333333333336
balancebeam_spin,3,0.0,33.333333333333336,0.0,0.0,33.333333333333336,33.333333333333336
balancebeam_walk,3,33.333333333333336,0.0,33.333333333333336,33.333333333333336,33.333333333333336,33.333333333333336
balloon_animal,3,33.333333333333336,33.333333333333336,33.333333333333336,33.333333333333336,33.333333333333336,33.333333333333336
bandaging,3,0.0,0.0,0.0,0.0,0.0,0.0
base_jumping,3,0.0,66.66666666666667,66.66666666666667,66.66666666666667,66.66666666666667,66.66666666666667
baseball_bunt,3,66.66666666666667,33.333333333333336,66.66666666666667,66.66666666666667,66.66666666666667,66.66666666666667
baseball_catch_catcher,3,33.333333333333336,0.0,33.333333333333336,33.333333333333336,33.333333333333336,33.333333333333336
baseball_catch_flyball,3,0.0,0.0,0.0,0.0,0.0,0.0
baseball_catch_groundball,3,33.333333333333336,0.0,33.333333333333336,0.0,33.333333333333336,33.333333333333336
baseball_pitch,3,100.0,100.0,100.0,100.0,100.0,100.0
baseball_run,3,0.0,33.333333333333336,0.0,0.0,33.333333333333336,33.333333333333336
baseball_swing,3,100.0,100.0,100.0,100.0,100.0,100.0
basketball_dribble,3,0.0,0.0,0.0,0.0,0.0,0.0
basketball_dunk,3,33.333333333333336,33.333333333333336,33.333333333333336,33.333333333333336,33.333333333333336,33.333333333333336
basketball_hookshot,3,0.0,0.0,0.0,0.0,0.0,0.0
basketball_jabstep,3,66.66666666666667,0.0,66.66666666666667,66.66666666666667,66.66666666666667,66.66666666666667
basketball_layup,3,100.0,66.66666666666667,100.0,100.0,100.0,100.0
basketball_pass,3,33.333333333333336,33.333333333333336,33.333333333333336,33.333333333333336,33.333333333333336,33.333333333333336
basketball_shoot,3,33.333333333333336,33.333333333333336,33.333333333333336,33.333333333333336,33.333333333333336,33.333333333333336
battle-rope_jumping-jack,3,66.66666666666667,66.66666666666667,66.66666666666667,66.66666666666667,66.66666666666667,66.66666666666667
battle-rope_power-slam,3,100.0,100.0,100.0,100.0,100.0,100.0
battle-rope_rainbow,3,100.0,66.66666666666667,100.0,100.0,100.0,100.0
battle-rope_russian-twist,3,66.66666666666667,33.333333333333336,33.333333333333336,66.66666666666667,66.66666666666667,66.66666666666667
battle-rope_sideplank,3,100.0,66.66666666666667,66.66666666666667,100.0,66.66666666666667,100.0
battle-rope_snake,3,66.66666666666667,100.0,66.66666666666667,66.66666666666667,66.66666666666667,100.0
battle-rope_wave,3,33.333333333333336,33.333333333333336,33.333333333333336,33.333333333333336,33.333333333333336,33.333333333333336
beer_pong_throw,3,33.333333333333336,0.0,33.333333333333336,33.333333333333336,33.333333333333336,33.333333333333336
belly_dancing,3,66.66666666666667,100.0,100.0,100.0,100.0,100.0
bench_dip,3,100.0,100.0,100.0,100.0,100.0,100.0
bending_back,3,33.333333333333336,33.333333333333336,33.333333333333336,33.333333333333336,33.333333333333336,33.333333333333336
bike_fall,3,33.333333333333336,0.0,33.333333333333336,33.333333333333336,33.333333333333336,33.333333333333336
billiard_hit,3,0.0,0.0,0.0,0.0,0.0,0.0
blow_gun,3,33.333333333333336,0.0,0.0,0.0,33.333333333333336,33.333333333333336
blowdrying_hair,3,0.0,0.0,0.0,0.0,0.0,0.0
blowing kisses,3,33.333333333333336,33.333333333333336,33.333333333333336,33.333333333333336,33.333333333333336,33.333333333333336
blowing_balloon,3,0.0,0.0,0.0,0.0,0.0,0.0
blowing_glass,3,0.0,0.0,0.0,0.0,0.0,0.0
blowing_gum,3,33.333333333333336,0.0,33.333333333333336,0.0,33.333333333333336,33.333333333333336
blowing_leaf,3,33.333333333333336,33.333333333333336,33.333333333333336,33.333333333333336,66.66666666666667,33.333333333333336
blowing_nose,3,66.66666666666667,33.333333333333336,33.333333333333336,33.333333333333336,66.66666666666667,66.66666666666667
bmx_jumping,3,0.0,0.0,0.0,0.0,0.0,0.0
bmx_riding,3,0.0,0.0,0.0,0.0,0.0,0.0
bowing_fullbody,3,100.0,100.0,100.0,100.0,100.0,100.0
bowing_waist,3,66.66666666666667,66.66666666666667,66.66666666666667,66.66666666666667,66.66666666666667,66.66666666666667
bowling,3,0.0,33.333333333333336,33.333333333333336,0.0,33.333333333333336,33.333333333333336
bowls_throw,3,33.333333333333336,0.0,33.333333333333336,0.0,33.333333333333336,33.333333333333336
breakdancing_flare,3,33.333333333333336,0.0,33.333333333333336,33.333333333333336,33.333333333333336,33.333333333333336
breakdancing_flip,3,100.0,100.0,100.0,100.0,100.0,100.0
breakdancing_rotate,3,100.0,100.0,100.0,100.0,100.0,100.0
breakdancing_support,3,33.333333333333336,0.0,33.333333333333336,33.333333333333336,33.333333333333336,33.333333333333336
brushing_floor,3,33.333333333333336,0.0,0.0,33.333333333333336,33.333333333333336,33.333333333333336
brushing_hair,3,0.0,0.0,0.0,0.0,0.0,0.0
brushing_teeth,3,0.0,33.333333333333336,33.333333333333336,33.333333333333336,33.333333333333336,33.333333333333336
building_snowman,3,33.333333333333336,0.0,33.333333333333336,33.333333333333336,33.333333333333336,33.333333333333336
burpee,3,100.0,100.0,100.0,100.0,100.0,100.0
burping,3,33.333333333333336,66.66666666666667,66.66666666666667,66.66666666666667,66.66666666666667,66.66666666666667
calfrope_catch,3,33.333333333333336,0.0,33.333333333333336,33.333333333333336,33.333333333333336,33.333333333333336
calfrope_rope,3,33.333333333333336,0.0,33.333333333333336,33.333333333333336,33.333333333333336,33.333333333333336
calfrope_subdue,3,33.333333333333336,0.0,0.0,0.0,33.333333333333336,33.333333333333336
canoeing_slalom,3,0.0,0.0,0.0,0.0,0.0,0.0
canoeing_sprint,3,100.0,66.66666666666667,66.66666666666667,66.66666666666667,66.66666666666667,100.0
card_throw,3,0.0,33.333333333333336,0.0,0.0,0.0,33.333333333333336
carrying_with_head,3,33.333333333333336,0.0,33.333333333333336,33.333333333333336,33.333333333333336,33.333333333333336
cartwheeling,3,33.333333333333336,66.66666666666667,33.333333333333336,33.333333333333336,66.66666666666667,66.66666666666667
cast_net,3,33.333333333333336,0.0,33.333333333333336,33.333333333333336,33.333333333333336,33.333333333333336
chainsaw_log,3,0.0,0.0,0.0,0.0,0.0,0.0
chainsaw_tree,3,33.333333333333336,0.0,33.333333333333336,33.333333333333336,33.333333333333336,33.333333333333336
chalkboard,3,33.333333333333336,0.0,33.333333333333336,33.333333333333336,33.333333333333336,33.333333333333336
chewing_gum,3,33.333333333333336,100.0,66.66666666666667,66.66666666666667,66.66666666666667,100.0
chopping_meat,3,0.0,0.0,33.333333333333336,0.0,0.0,33.333333333333336
chopping_wood,3,0.0,0.0,0.0,0.0,0.0,0.0
cleaning_mirror,3,0.0,33.333333333333336,33.333333333333336,33.333333333333336,33.333333333333336,33.333333333333336
cleaning_mopping,3,0.0,0.0,0.0,0.0,0.0,0.0
cleaning_sweeping,3,0.0,0.0,0.0,0.0,0.0,0.0
cleaning_vacumming,3,0.0,33.333333333333336,0.0,0.0,33.333333333333336,33.333333333333336
cleaning_windows,3,0.0,0.0,0.0,0.0,0.0,0.0
clear_snow_off_car,3,0.0,0.0,0.0,0.0,0.0,0.0
climb_icecliff,3,0.0,0.0,0.0,0.0,0.0,0.0
climb_ladder,3,33.333333333333336,33.333333333333336,33.333333333333336,66.66666666666667,33.333333333333336,33.333333333333336
climb_pole,3,66.66666666666667,0.0,66.66666666666667,66.66666666666667,66.66666666666667,66.66666666666667
climb_stair,3,33.333333333333336,0.0,33.333333333333336,0.0,0.0,33.333333333333336
climbing_rock,3,33.333333333333336,33.333333333333336,33.333333333333336,33.333333333333336,33.333333333333336,33.333333333333336
climbing_rope,3,66.66666666666667,66.66666666666667,66.66666666666667,66.66666666666667,66.66666666666667,66.66666666666667
climbing_tree,3,0.0,0.0,0.0,0.0,0.0,0.0
closing_door,3,0.0,0.0,0.0,0.0,0.0,0.0
conducting,3,0.0,0.0,0.0,0.0,0.0,0.0
crawling,3,0.0,66.66666666666667,33.333333333333336,33.333333333333336,66.66666666666667,66.66666666666667
cross_body_shoulder_stretch,3,66.66666666666667,100.0,100.0,100.0,100.0,100.0
cross_country_ski_slide,3,66.66666666666667,66.66666666666667,100.0,66.66666666666667,66.66666666666667,100.0
cross_country_ski_walk,3,66.66666666666667,33.333333333333336,66.66666666666667,66.66666666666667,66.66666666666667,66.66666666666667
crossbow_shoot,3,0.0,0.0,0.0,0.0,0.0,0.0
curling_follow,3,33.333333333333336,33.333333333333336,0.0,0.0,0.0,0.0
curling_push,3,33.333333333333336,33.333333333333336,66.66666666666667,33.333333333333336,66.66666666666667,66.66666666666667
curling_sweep,3,33.333333333333336,33.333333333333336,66.66666666666667,66.66666666666667,66.66666666666667,66.66666666666667
cutting_onion,3,0.0,0.0,0.0,0.0,0.0,0.0
dabbing,3,66.66666666666667,66.66666666666667,66.66666666666667,66.66666666666667,66.66666666666667,66.66666666666667
dart_throw,3,33.333333333333336,33.333333333333336,33.333333333333336,33.333333333333336,33.333333333333336,33.333333333333336
decorating_snowman,3,0.0,0.0,0.0,0.0,0.0,0.0
dice_shuffle_reveal,3,0.0,0.0,0.0,0.0,0.0,0.0
dice_stack_shuffle,3,33.333333333333336,0.0,33.333333333333336,33.333333333333336,33.333333333333336,33.333333333333336
dips,3,100.0,100.0,100.0,100.0,100.0,100.0
discuss_throw,3,66.66666666666667,66.66666666666667,66.66666666666667,66.66666666666667,66.66666666666667,66.66666666666667
diving_jump,3,0.0,33.333333333333336,0.0,33.333333333333336,33.333333333333336,33.333333333333336
diving_rotate,3,33.333333333333336,0.0,33.333333333333336,33.333333333333336,33.333333333333336,33.333333333333336
diving_sneak,3,100.0,100.0,100.0,100.0,100.0,100.0
dj,3,0.0,0.0,0.0,0.0,0.0,0.0
dog_highfive,3,33.333333333333336,33.333333333333336,33.333333333333336,33.333333333333336,33.333333333333336,33.333333333333336
dog_walking,3,0.0,0.0,0.0,0.0,0.0,0.0
draw_handgun,3,0.0,0.0,0.0,0.0,0.0,0.0
drinking_with_cup,3,0.0,0.0,0.0,0.0,0.0,0.0
drinking_with_straw,3,0.0,0.0,0.0,0.0,0.0,0.0
eat_apple,3,0.0,0.0,0.0,0.0,0.0,0.0
eat_burger,3,66.66666666666667,33.333333333333336,33.333333333333336,33.333333333333336,33.333333333333336,66.66666666666667
eat_spagetti,3,33.333333333333336,0.0,33.333333333333336,33.333333333333336,33.333333333333336,33.333333333333336
eating_hotdogs,3,0.0,33.333333333333336,0.0,0.0,33.333333333333336,33.333333333333336
eating_ice_cream,3,0.0,0.0,0.0,0.0,0.0,0.0
eating_oyster,3,33.333333333333336,0.0,33.333333333333336,33.333333333333336,33.333333333333336,33.333333333333336
equestrian_dressage,3,0.0,33.333333333333336,0.0,0.0,0.0,33.333333333333336
equestrian_jump,3,0.0,0.0,0.0,0.0,0.0,0.0
equestrian_run,3,0.0,33.333333333333336,0.0,0.0,33.333333333333336,33.333333333333336
face-changing_opera,3,0.0,33.333333333333336,33.333333333333336,33.333333333333336,33.333333333333336,33.333333333333336
face_slapping,3,0.0,33.333333333333336,0.0,0.0,33.333333333333336,33.333333333333336
falling_off_chair,3,33.333333333333336,33.333333333333336,33.333333333333336,33.333333333333336,66.66666666666667,33.333333333333336
figure_skate_I_spin,3,66.66666666666667,66.66666666666667,66.66666666666667,66.66666666666667,66.66666666666667,66.66666666666667
figure_skate_backward,3,33.333333333333336,0.0,0.0,33.333333333333336,33.333333333333336,33.333333333333336
figure_skate_bielman_spin,3,100.0,100.0,100.0,100.0,100.0,100.0
figure_skate_camel_spin,3,66.66666666666667,66.66666666666667,66.66666666666667,66.66666666666667,66.66666666666667,66.66666666666667
figure_skate_donut_spin,3,33.333333333333336,66.66666666666667,33.333333333333336,33.333333333333336,33.333333333333336,66.66666666666667
figure_skate_forward,3,33.333333333333336,33.333333333333336,33.333333333333336,33.333333333333336,33.333333333333336,33.333333333333336
figure_skate_hydroblading,3,33.333333333333336,33.333333333333336,33.333333333333336,33.333333333333336,33.333333333333336,33.333333333333336
figure_skate_inaBauer,3,100.0,66.66666666666667,100.0,100.0,100.0,100.0
figure_skate_jump_spin,3,66.66666666666667,66.66666666666667,66.66666666666667,66.66666666666667,66.66666666666667,66.66666666666667
figure_skate_scratch_spin,3,66.66666666666667,0.0,66.66666666666667,66.66666666666667,66.66666666666667,66.66666666666667
figure_skate_sit_spin,3,100.0,100.0,100.0,100.0,100.0,100.0
fire_breathing,3,33.333333333333336,0.0,33.333333333333336,33.333333333333336,33.333333333333336,33.333333333333336
fire_dancing_circulating,3,0.0,0.0,0.0,0.0,0.0,0.0
fire_extinguisher,3,0.0,0.0,0.0,0.0,0.0,0.0
fish-hunting_hold,3,0.0,100.0,66.66666666666667,66.66666666666667,100.0,100.0
fish-hunting_pull,3,33.333333333333336,66.66666666666667,66.66666666666667,66.66666666666667,66.66666666666667,66.66666666666667
fist_bump,3,66.66666666666667,0.0,66.66666666666667,66.66666666666667,66.66666666666667,66.66666666666667
flamethrower,3,0.0,33.333333333333336,33.333333333333336,33.333333333333336,33.333333333333336,33.333333333333336
flipping_bottle,3,0.0,33.333333333333336,33.333333333333336,33.333333333333336,33.333333333333336,33.333333333333336
floor_rotate,3,100.0,100.0,100.0,100.0,100.0,100.0
floor_spin,3,66.66666666666667,0.0,66.66666666666667,66.66666666666667,66.66666666666667,66.66666666666667
floss_dance,3,66.66666666666667,100.0,100.0,100.0,100.0,100.0
flying_kite,3,0.0,0.0,0.0,0.0,0.0,0.0
folding_blanket,3,33.333333333333336,0.0,33.333333333333336,33.333333333333336,33.333333333333336,33.333333333333336
folding_clothes,3,0.0,0.0,0.0,0.0,0.0,0.0
football_catch,3,0.0,0.0,0.0,0.0,0.0,0.0
football_run,3,100.0,0.0,100.0,100.0,100.0,100.0
football_throw,3,0.0,0.0,0.0,0.0,0.0,0.0
forward_fold,3,33.333333333333336,66.66666666666667,66.66666666666667,66.66666666666667,66.66666666666667,66.66666666666667
forward_roll,3,66.66666666666667,66.66666666666667,66.66666666666667,66.66666666666667,66.66666666666667,66.66666666666667
frisbee_catch,3,0.0,0.0,0.0,0.0,0.0,0.0
frisbee_throw,3,33.333333333333336,66.66666666666667,33.333333333333336,0.0,66.66666666666667,66.66666666666667
frog_jump,3,0.0,33.333333333333336,33.333333333333336,33.333333333333336,33.333333333333336,33.333333333333336
ganggangsullae,3,0.0,0.0,0.0,0.0,0.0,0.0
gangnam_style_dance,3,100.0,66.66666666666667,100.0,100.0,100.0,100.0
gas_pumping_to_car,3,0.0,0.0,0.0,0.0,0.0,0.0
golf_part,3,100.0,100.0,100.0,100.0,100.0,100.0
golf_swing,3,100.0,66.66666666666667,100.0,100.0,100.0,100.0
grass_skating,3,33.333333333333336,33.333333333333336,66.66666666666667,66.66666666666667,66.66666666666667,66.66666666666667
grass_skiing,3,0.0,0.0,0.0,0.0,0.0,0.0
guitar_flip,3,0.0,33.333333333333336,33.333333333333336,33.333333333333336,33.333333333333336,33.333333333333336
guitar_smashing,3,33.333333333333336,0.0,0.0,0.0,33.333333333333336,33.333333333333336
gym_lift,3,100.0,100.0,100.0,100.0,100.0,100.0
gym_lunges,3,100.0,100.0,100.0,100.0,100.0,100.0
gym_plank,3,100.0,100.0,100.0,100.0,100.0,100.0
gym_pull,3,33.333333333333336,0.0,33.333333333333336,33.333333333333336,33.333333333333336,33.333333333333336
gym_push,3,0.0,0.0,0.0,0.0,0.0,0.0
gym_ride,3,66.66666666666667,33.333333333333336,33.333333333333336,33.333333333333336,66.66666666666667,66.66666666666667
gym_run,3,100.0,100.0,100.0,100.0,100.0,100.0
gym_squat,3,100.0,66.66666666666667,66.66666666666667,66.66666666666667,66.66666666666667,100.0
hailing_taxi,3,33.333333333333336,33.333333333333336,33.333333333333336,33.333333333333336,33.333333333333336,33.333333333333336
haircut_scissor,3,0.0,66.66666666666667,33.333333333333336,0.0,66.66666666666667,66.66666666666667
hammer_throw,3,33.333333333333336,33.333333333333336,33.333333333333336,33.333333333333336,33.333333333333336,33.333333333333336
hammering_nail,3,0.0,0.0,0.0,0.0,0.0,0.0
hand-drill_firemaking_blow,3,0.0,0.0,0.0,0.0,0.0,0.0
hand-drill_firemaking_drill_with_bow,3,33.333333333333336,66.66666666666667,66.66666666666667,66.66666666666667,66.66666666666667,66.66666666666667
hand-drill_firemaking_drill_with_hand,3,100.0,33.333333333333336,100.0,100.0,66.66666666666667,100.0
hand_in_hand,3,0.0,0.0,0.0,0.0,0.0,0.0
handsaw,3,0.0,0.0,0.0,0.0,0.0,0.0
handshake_dog,3,0.0,0.0,0.0,0.0,0.0,0.0
handstand,3,100.0,100.0,100.0,100.0,100.0,100.0
hanging_clothes,3,0.0,33.333333333333336,33.333333333333336,33.333333333333336,33.333333333333336,33.333333333333336
headbang,3,0.0,0.0,0.0,0.0,0.0,0.0
heimlich_maneuver,3,0.0,33.333333333333336,33.333333333333336,33.333333333333336,33.333333333333336,33.333333333333336
high_five,3,0.0,33.333333333333336,33.333333333333336,33.333333333333336,33.333333333333336,33.333333333333336
high_jump_jump,3,33.333333333333336,33.333333333333336,33.333333333333336,33.333333333333336,33.333333333333336,33.333333333333336
high_jump_run,3,0.0,100.0,66.66666666666667,66.66666666666667,100.0,100.0
high_knees,3,100.0,66.66666666666667,100.0,100.0,100.0,100.0
hold_baby,3,0.0,0.0,0.0,0.0,0.0,0.0
hold_baby_with_wrap,3,0.0,66.66666666666667,33.333333333333336,33.333333333333336,33.333333333333336,66.66666666666667
hookah,3,0.0,33.333333333333336,33.333333333333336,33.333333333333336,33.333333333333336,33.333333333333336
hopscotch_pickup,3,33.333333333333336,33.333333333333336,33.333333333333336,33.333333333333336,33.333333333333336,33.333333333333336
hopscotch_skip,3,0.0,0.0,0.0,0.0,33.333333333333336,0.0
hopscotch_spin,3,0.0,0.0,0.0,0.0,0.0,0.0
horizontalbar_flip,3,0.0,33.333333333333336,0.0,0.0,0.0,33.333333333333336
horizontalbar_jump,3,0.0,0.0,0.0,0.0,0.0,0.0
horizontalbar_land,3,66.66666666666667,66.66666666666667,66.66666666666667,66.66666666666667,66.66666666666667,66.66666666666667
horizontalbar_spin,3,33.333333333333336,33.333333333333336,33.333333333333336,33.333333333333336,33.333333333333336,33.333333333333336
hugging_animal,3,0.0,33.333333333333336,0.0,0.0,0.0,33.333333333333336
hugging_human,3,33.333333333333336,33.333333333333336,33.333333333333336,33.333333333333336,33.333333333333336,33.333333333333336
hurdle_jump,3,66.66666666666667,100.0,100.0,100.0,100.0,100.0
ice_scuplting,3,0.0,0.0,0.0,0.0,0.0,0.0
ironing_clothes,3,0.0,33.333333333333336,33.333333333333336,33.333333333333336,33.333333333333336,33.333333333333336
jack_up_car,3,33.333333333333336,33.333333333333336,33.333333333333336,33.333333333333336,33.333333333333336,33.333333333333336
javelin_run,3,66.66666666666667,66.66666666666667,66.66666666666667,66.66666666666667,66.66666666666667,66.66666666666667
javelin_throw,3,100.0,66.66666666666667,100.0,100.0,100.0,100.0
jetski,3,33.333333333333336,0.0,33.333333333333336,33.333333333333336,33.333333333333336,33.333333333333336
juggling_balls,3,66.66666666666667,33.333333333333336,66.66666666666667,66.66666666666667,66.66666666666667,66.66666666666667
jump rope,3,0.0,33.333333333333336,33.333333333333336,0.0,33.333333333333336,33.333333333333336
jumping_jack,3,100.0,66.66666666666667,100.0,100.0,100.0,100.0
kayaking,3,33.333333333333336,33.333333333333336,33.333333333333336,33.333333333333336,33.333333333333336,33.333333333333336
kick_jianzi,3,100.0,100.0,100.0,100.0,100.0,100.0
kick_open_door,3,0.0,0.0,0.0,0.0,0.0,0.0
kiss,3,33.333333333333336,0.0,33.333333333333336,33.333333333333336,33.333333333333336,33.333333333333336
knitting,3,33.333333333333336,33.333333333333336,33.333333333333336,33.333333333333336,33.333333333333336,33.333333333333336
leg_hold_back,3,66.66666666666667,33.333333333333336,66.66666666666667,66.66666666666667,66.66666666666667,66.66666666666667
leg_hold_front,3,66.66666666666667,66.66666666666667,66.66666666666667,66.66666666666667,66.66666666666667,66.66666666666667
leg_split,3,66.66666666666667,100.0,100.0,100.0,100.0,100.0
long_jump_jump,3,66.66666666666667,66.66666666666667,66.66666666666667,66.66666666666667,66.66666666666667,66.66666666666667
long_jump_run,3,33.333333333333336,33.333333333333336,33.333333333333336,33.333333333333336,33.333333333333336,33.333333333333336
luge,3,33.333333333333336,0.0,33.333333333333336,33.333333333333336,33.333333333333336,33.333333333333336
milking,3,0.0,0.0,0.0,0.0,0.0,0.0
moonwalk,3,33.333333333333336,33.333333333333336,33.333333333333336,33.333333333333336,33.333333333333336,33.333333333333336
neck_side_pull_stretch,3,33.333333333333336,100.0,100.0,66.66666666666667,100.0,100.0
one_arm_push_up,3,33.333333333333336,0.0,0.0,0.0,0.0,33.333333333333336
opening_door,3,0.0,0.0,0.0,0.0,0.0,0.0
pancake_flip,3,0.0,0.0,0.0,0.0,0.0,0.0
paragliding,3,0.0,0.0,0.0,0.0,0.0,0.0
peeling_banana,3,0.0,0.0,0.0,0.0,0.0,0.0
petanque_throw,3,66.66666666666667,66.66666666666667,66.66666666666667,66.66666666666667,66.66666666666667,66.66666666666667
piggyback_ride,3,33.333333333333336,0.0,33.333333333333336,33.333333333333336,33.333333333333336,33.333333333333336
pirouette,3,100.0,100.0,100.0,100.0,100.0,100.0
pizza_dough_toss,3,33.333333333333336,0.0,0.0,33.333333333333336,33.333333333333336,33.333333333333336
play_ otamatone,3,33.333333333333336,33.333333333333336,66.66666666666667,66.66666666666667,66.66666666666667,66.66666666666667
play_ piccolo,3,66.66666666666667,66.66666666666667,66.66666666666667,66.66666666666667,66.66666666666667,66.66666666666667
play_accordian,3,0.0,0.0,0.0,0.0,0.0,0.0
play_bagpipes,3,0.0,66.66666666666667,66.66666666666667,66.66666666666667,66.66666666666667,66.66666666666667
play_bangu,3,66.66666666666667,33.333333333333336,66.66666666666667,66.66666666666667,66.66666666666667,66.66666666666667
play_banjo,3,33.333333333333336,33.333333333333336,33.333333333333336,33.333333333333336,33.333333333333336,33.333333333333336
play_castanets,3,0.0,0.0,0.0,0.0,0.0,0.0
play_cello,3,0.0,33.333333333333336,33.333333333333336,0.0,66.66666666666667,33.333333333333336
play_clarinet,3,33.333333333333336,33.333333333333336,66.66666666666667,66.66666666666667,0.0,66.66666666666667
play_cornett,3,0.0,33.333333333333336,0.0,0.0,33.333333333333336,33.333333333333336
play_cymbals,3,0.0,33.333333333333336,33.333333333333336,33.333333333333336,33.333333333333336,33.333333333333336
play_diabolo,3,33.333333333333336,66.66666666666667,66.66666666666667,66.66666666666667,66.66666666666667,66.66666666666667
play_doublebass,3,66.66666666666667,33.333333333333336,66.66666666666667,66.66666666666667,66.66666666666667,66.66666666666667
play_erhu,3,100.0,66.66666666666667,100.0,100.0,100.0,100.0
play_gong,3,0.0,0.0,0.0,0.0,0.0,0.0
play_grandpiano,3,33.333333333333336,100.0,100.0,100.0,100.0,100.0
play_guitar,3,0.0,66.66666666666667,66.66666666666667,33.333333333333336,33.333333333333336,66.66666666666667
play_handpan,3,0.0,66.66666666666667,66.66666666666667,66.66666666666667,66.66666666666667,66.66666666666667
play_harmonica,3,33.333333333333336,33.333333333333336,33.333333333333336,33.333333333333336,33.333333333333336,33.333333333333336
play_harp,3,0.0,0.0,0.0,0.0,0.0,0.0
play_hulahoop,3,33.333333333333336,33.333333333333336,66.66666666666667,66.66666666666667,66.66666666666667,66.66666666666667
play_hulusi,3,0.0,33.333333333333336,33.333333333333336,33.333333333333336,66.66666666666667,33.333333333333336
play_jazzdrum,3,0.0,66.66666666666667,66.66666666666667,66.66666666666667,66.66666666666667,66.66666666666667
play_kendama,3,66.66666666666667,0.0,66.66666666666667,66.66666666666667,66.66666666666667,66.66666666666667
play_leaf-flute,3,0.0,0.0,0.0,0.0,0.0,0.0
play_lute,3,33.333333333333336,66.66666666666667,66.66666666666667,66.66666666666667,66.66666666666667,66.66666666666667
play_maracas,3,33.333333333333336,66.66666666666667,33.333333333333336,66.66666666666667,66.66666666666667,66.66666666666667
play_melodic,3,0.0,0.0,0.0,0.0,0.0,0.0
play_noseflute,3,0.0,33.333333333333336,33.333333333333336,33.333333333333336,33.333333333333336,33.333333333333336
play_ocarina,3,0.0,100.0,100.0,100.0,100.0,100.0
play_panpipe,3,0.0,0.0,0.0,0.0,0.0,0.0
play_recorder,3,0.0,0.0,0.0,0.0,0.0,0.0
play_sanxian,3,66.66666666666667,0.0,66.66666666666667,33.333333333333336,33.333333333333336,66.66666666666667
play_saw,3,0.0,33.333333333333336,0.0,0.0,33.333333333333336,33.333333333333336
play_saxophone,3,66.66666666666667,0.0,33.333333333333336,33.333333333333336,33.333333333333336,66.66666666666667
play_serpent,3,66.66666666666667,66.66666666666667,66.66666666666667,66.66666666666667,66.66666666666667,66.66666666666667
play_sheng,3,0.0,33.333333333333336,33.333333333333336,33.333333333333336,33.333333333333336,33.333333333333336
play_sitar,3,33.333333333333336,0.0,33.333333333333336,0.0,0.0,33.333333333333336
play_suona,3,0.0,0.0,0.0,0.0,0.0,0.0
play_tambourine,3,0.0,0.0,0.0,0.0,0.0,0.0
play_thereminvox,3,0.0,66.66666666666667,66.66666666666667,66.66666666666667,66.66666666666667,66.66666666666667
play_timpani,3,0.0,0.0,0.0,0.0,0.0,0.0
play_triangle,3,0.0,0.0,0.0,0.0,0.0,0.0
play_trombone,3,33.333333333333336,33.333333333333336,33.333333333333336,33.333333333333336,33.333333333333336,33.333333333333336
play_trumpet,3,0.0,0.0,0.0,0.0,0.0,0.0
play_ukulele,3,33.333333333333336,33.333333333333336,66.66666666666667,66.66666666666667,66.66666666666667,66.66666666666667
play_viola,3,33.333333333333336,33.333333333333336,33.333333333333336,33.333333333333336,33.333333333333336,33.333333333333336
play_violin,3,0.0,0.0,0.0,0.0,0.0,0.0
play_xylophone,3,0.0,0.0,0.0,0.0,0.0,0.0
play_yangqin,3,33.333333333333336,0.0,33.333333333333336,33.333333333333336,33.333333333333336,33.333333333333336
play_yoyo,3,0.0,0.0,0.0,0.0,33.333333333333336,0.0
playing_bass_drum,3,0.0,0.0,0.0,0.0,0.0,0.0
playing_cajon_drum,3,66.66666666666667,66.66666666666667,66.66666666666667,66.66666666666667,66.66666666666667,66.66666666666667
playing_conga_drum,3,66.66666666666667,100.0,100.0,100.0,100.0,100.0
playing_nunchucks,3,33.333333333333336,33.333333333333336,33.333333333333336,33.333333333333336,33.333333333333336,33.333333333333336
playing_rubiks_cube,3,33.333333333333336,33.333333333333336,33.333333333333336,33.333333333333336,33.333333333333336,33.333333333333336
playing_seesaw,3,0.0,33.333333333333336,33.333333333333336,33.333333333333336,33.333333333333336,33.333333333333336
playing_snare_drum,3,33.333333333333336,33.333333333333336,33.333333333333336,0.0,0.0,33.333333333333336
playing_swing,3,33.333333333333336,66.66666666666667,66.66666666666667,66.66666666666667,66.66666666666667,66.66666666666667
playing_taiko_drum,3,0.0,0.0,0.0,0.0,0.0,0.0
plunging_toilet,3,33.333333333333336,0.0,33.333333333333336,33.333333333333336,33.333333333333336,33.333333333333336
pole_vault_jump,3,33.333333333333336,66.66666666666667,66.66666666666667,33.333333333333336,100.0,66.66666666666667
pole_vault_run,3,100.0,66.66666666666667,100.0,100.0,100.0,100.0
pottery_wheel,3,33.333333333333336,0.0,33.333333333333336,33.333333333333336,33.333333333333336,33.333333333333336
pouring_wine,3,0.0,33.333333333333336,0.0,0.0,0.0,33.333333333333336
pull_ups,3,100.0,66.66666666666667,100.0,100.0,100.0,100.0
punching_sandbag,3,66.66666666666667,33.333333333333336,100.0,100.0,100.0,66.66666666666667
punching_speedbag,3,66.66666666666667,100.0,100.0,100.0,100.0,100.0
push_car,3,33.333333333333336,66.66666666666667,66.66666666666667,66.66666666666667,66.66666666666667,66.66666666666667
push_wheelchair,3,0.0,0.0,0.0,0.0,0.0,0.0
push_wheelchair_alone,3,66.66666666666667,33.333333333333336,33.333333333333336,33.333333333333336,66.66666666666667,66.66666666666667
pushup,3,100.0,100.0,100.0,100.0,100.0,100.0
putting_scarf_on,3,100.0,100.0,100.0,100.0,100.0,100.0
quadruped_hip-extension,3,100.0,100.0,100.0,100.0,100.0,100.0
racewalk_walk,3,66.66666666666667,66.66666666666667,66.66666666666667,66.66666666666667,66.66666666666667,66.66666666666667
read_newspaper,3,0.0,0.0,0.0,0.0,0.0,0.0
reading_book,3,0.0,0.0,0.0,0.0,0.0,0.0
remove_car_tire,3,0.0,0.0,0.0,0.0,0.0,0.0
rescue_breathing,3,33.333333333333336,0.0,33.333333333333336,33.333333333333336,33.333333333333336,33.333333333333336
ride_bike,3,0.0,0.0,0.0,0.0,0.0,0.0
ride_horse,3,33.333333333333336,0.0,33.333333333333336,33.333333333333336,33.333333333333336,33.333333333333336
ride_motorcycle,3,0.0,0.0,0.0,0.0,0.0,0.0
ride_scooter,3,0.0,0.0,0.0,0.0,0.0,0.0
riding_elephant,3,0.0,0.0,0.0,0.0,0.0,0.0
riding_mechanical_bull,3,66.66666666666667,66.66666666666667,66.66666666666667,66.66666666666667,66.66666666666667,66.66666666666667
rock_balancing,3,0.0,33.333333333333336,33.333333333333336,33.333333333333336,33.333333333333336,33.333333333333336
rock_paper_scissors,3,0.0,0.0,0.0,0.0,0.0,0.0
roller-skating_backward,3,0.0,0.0,0.0,0.0,0.0,0.0
roller-skating_forward,3,0.0,0.0,0.0,0.0,0.0,0.0
rolling_snow,3,0.0,0.0,0.0,0.0,0.0,0.0
rowing_boat,3,0.0,66.66666666666667,33.333333333333336,33.333333333333336,33.333333333333336,66.66666666666667
running_in_place,3,33.333333333333336,66.66666666666667,33.333333333333336,33.333333333333336,33.333333333333336,66.66666666666667
running_on_four,3,66.66666666666667,33.333333333333336,66.66666666666667,66.66666666666667,66.66666666666667,66.66666666666667
runway_walk,3,66.66666666666667,33.333333333333336,66.66666666666667,33.333333333333336,66.66666666666667,66.66666666666667
sack_race,3,0.0,0.0,0.0,0.0,0.0,0.0
salute,3,66.66666666666667,33.333333333333336,66.66666666666667,66.66666666666667,66.66666666666667,66.66666666666667
sandboarding_forward,3,33.333333333333336,0.0,33.333333333333336,33.333333333333336,33.333333333333336,33.333333333333336
screw_car_tire,3,0.0,33.333333333333336,33.333333333333336,33.333333333333336,33.333333333333336,33.333333333333336
scuba_diving,3,0.0,0.0,0.0,0.0,0.0,0.0
segway,3,33.333333333333336,33.333333333333336,33.333333333333336,33.333333333333336,33.333333333333336,33.333333333333336
shake_cocktail,3,0.0,66.66666666666667,66.66666666666667,66.66666666666667,66.66666666666667,66.66666666666667
shaking_head,3,33.333333333333336,0.0,0.0,0.0,66.66666666666667,33.333333333333336
shaving_beard,3,33.333333333333336,0.0,33.333333333333336,33.333333333333336,33.333333333333336,33.333333333333336
shoe_shining,3,0.0,0.0,0.0,0.0,0.0,0.0
shoot_dance,3,100.0,66.66666666666667,66.66666666666667,66.66666666666667,66.66666666666667,100.0
shooting_handgun,3,33.333333333333336,0.0,33.333333333333336,33.333333333333336,33.333333333333336,33.333333333333336
shooting_shotgun,3,0.0,0.0,0.0,0.0,0.0,0.0
shotput_throw,3,66.66666666666667,33.333333333333336,66.66666666666667,66.66666666666667,66.66666666666667,66.66666666666667
shoveling_snow,3,0.0,0.0,0.0,0.0,0.0,0.0
shuffle_dance,3,0.0,0.0,0.0,0.0,0.0,0.0
side_lunge,3,100.0,100.0,100.0,100.0,100.0,100.0
situp,3,100.0,33.333333333333336,100.0,100.0,100.0,100.0
skateboard_forward,3,0.0,0.0,0.0,0.0,0.0,0.0
skateboard_grind,3,0.0,0.0,0.0,0.0,0.0,0.0
skateboard_jump,3,66.66666666666667,100.0,66.66666666666667,66.66666666666667,66.66666666666667,100.0
ski_backflip,3,0.0,0.0,0.0,0.0,0.0,0.0
ski_cork,3,33.333333333333336,0.0,0.0,0.0,0.0,33.333333333333336
ski_frontflip,3,33.333333333333336,0.0,33.333333333333336,33.333333333333336,33.333333333333336,33.333333333333336
ski_jump_land,3,33.333333333333336,100.0,66.66666666666667,33.333333333333336,66.66666666666667,100.0
ski_jump_midair,3,100.0,100.0,100.0,100.0,100.0,100.0
ski_jump_slide,3,0.0,33.333333333333336,33.333333333333336,0.0,33.333333333333336,33.333333333333336
skydiving,3,33.333333333333336,0.0,33.333333333333336,33.333333333333336,33.333333333333336,33.333333333333336
sledgehammer_strike_down,3,66.66666666666667,66.66666666666667,66.66666666666667,66.66666666666667,66.66666666666667,66.66666666666667
sling,3,0.0,33.333333333333336,33.333333333333336,33.333333333333336,33.333333333333336,33.333333333333336
slingshot,3,33.333333333333336,33.333333333333336,66.66666666666667,33.333333333333336,66.66666666666667,66.66666666666667
smoking_exhale,3,0.0,33.333333333333336,0.0,0.0,33.333333333333336,33.333333333333336
smoking_inhale,3,0.0,0.0,0.0,0.0,0.0,0.0
snorkeling,3,33.333333333333336,0.0,33.333333333333336,0.0,33.333333333333336,33.333333333333336
snow_angel,3,33.333333333333336,0.0,0.0,0.0,0.0,33.333333333333336
snowboard_jump,3,0.0,0.0,0.0,0.0,0.0,0.0
snowboard_slide,3,0.0,0.0,0.0,0.0,0.0,0.0
soccer_dribble,3,33.333333333333336,33.333333333333336,33.333333333333336,33.333333333333336,33.333333333333336,33.333333333333336
soccer_header,3,33.333333333333336,0.0,0.0,0.0,0.0,33.333333333333336
soccer_save,3,33.333333333333336,66.66666666666667,33.333333333333336,33.333333333333336,33.333333333333336,66.66666666666667
soccer_shoot,3,33.333333333333336,0.0,33.333333333333336,33.333333333333336,33.333333333333336,33.333333333333336
soccer_throw,3,100.0,33.333333333333336,100.0,100.0,100.0,100.0
softball_pitch,3,66.66666666666667,33.333333333333336,66.66666666666667,66.66666666666667,66.66666666666667,66.66666666666667
speed_stack,3,66.66666666666667,100.0,100.0,100.0,100.0,100.0
speedskating_forward,3,33.333333333333336,0.0,33.333333333333336,33.333333333333336,33.333333333333336,33.333333333333336
spinning_basketball,3,0.0,33.333333333333336,0.0,0.0,33.333333333333336,33.333333333333336
spinning_book,3,0.0,0.0,0.0,0.0,0.0,0.0
spinning_plate,3,33.333333333333336,66.66666666666667,100.0,66.66666666666667,66.66666666666667,66.66666666666667
spitting_on_face,3,0.0,33.333333333333336,33.333333333333336,33.333333333333336,33.333333333333336,33.333333333333336
split_leap,3,66.66666666666667,33.333333333333336,66.66666666666667,66.66666666666667,66.66666666666667,66.66666666666667
spraying_wall,3,0.0,0.0,0.0,0.0,0.0,0.0
sprint_kneel,3,100.0,66.66666666666667,100.0,100.0,100.0,100.0
sprint_run,3,33.333333333333336,33.333333333333336,33.333333333333336,33.333333333333336,33.333333333333336,33.333333333333336
sprint_start,3,66.66666666666667,100.0,100.0,100.0,100.0,100.0
squash_backhand,3,66.66666666666667,33.333333333333336,33.333333333333336,33.333333333333336,33.333333333333336,66.66666666666667
squash_forehand,3,33.333333333333336,33.333333333333336,33.333333333333336,33.333333333333336,33.333333333333336,33.333333333333336
sticking tongue out,3,33.333333333333336,33.333333333333336,33.333333333333336,33.333333333333336,33.333333333333336,33.333333333333336
stomping_grapes,3,0.0,0.0,0.0,0.0,0.0,0.0
stone_skipping,3,0.0,0.0,0.0,0.0,0.0,0.0
styling_hair,3,66.66666666666667,66.66666666666667,66.66666666666667,66.66666666666667,66.66666666666667,66.66666666666667
surfing,3,0.0,33.333333333333336,33.333333333333336,33.333333333333336,33.333333333333336,33.333333333333336
swimming_backstroke,3,0.0,66.66666666666667,66.66666666666667,33.333333333333336,66.66666666666667,66.66666666666667
swimming_breast_stroke,3,66.66666666666667,66.66666666666667,66.66666666666667,66.66666666666667,66.66666666666667,66.66666666666667
swimming_butterfly_stroke,3,0.0,0.0,0.0,0.0,0.0,0.0
swimming_freestyle,3,0.0,0.0,0.0,0.0,0.0,0.0
swinging_axe_on_a_tree,3,33.333333333333336,33.333333333333336,33.333333333333336,33.333333333333336,33.333333333333336,33.333333333333336
sword_swallowing,3,33.333333333333336,33.333333333333336,66.66666666666667,66.66666666666667,33.333333333333336,66.66666666666667
taekwondo_high_block,3,66.66666666666667,33.333333333333336,33.333333333333336,33.333333333333336,33.333333333333336,66.66666666666667
taekwondo_kick,3,66.66666666666667,100.0,66.66666666666667,100.0,66.66666666666667,100.0
taekwondo_low_block,3,33.333333333333336,66.66666666666667,66.66666666666667,66.66666666666667,66.66666666666667,66.66666666666667
taekwondo_middle_block,3,33.333333333333336,33.333333333333336,33.333333333333336,33.333333333333336,33.333333333333336,33.333333333333336
taekwondo_punch,3,33.333333333333336,66.66666666666667,66.66666666666667,66.66666666666667,66.66666666666667,66.66666666666667
taichi_fan,3,0.0,33.333333333333336,33.333333333333336,33.333333333333336,33.333333333333336,33.333333333333336
taking_photo_camera,3,0.0,33.333333333333336,0.0,0.0,33.333333333333336,33.333333333333336
taking_selfie,3,0.0,0.0,0.0,0.0,0.0,0.0
talking_megaphone,3,0.0,0.0,0.0,0.0,0.0,0.0
talking_on_phone,3,0.0,33.333333333333336,33.333333333333336,33.333333333333336,66.66666666666667,33.333333333333336
tap_dancing,3,66.66666666666667,66.66666666666667,66.66666666666667,66.66666666666667,66.66666666666667,66.66666666666667
tennis_backhand,3,66.66666666666667,0.0,33.333333333333336,33.333333333333336,33.333333333333336,66.66666666666667
tennis_forehand,3,33.333333333333336,66.66666666666667,33.333333333333336,66.66666666666667,33.333333333333336,66.66666666666667
tennis_serve,3,100.0,33.333333333333336,100.0,100.0,100.0,100.0
three_legged_race,3,0.0,0.0,0.0,0.0,0.0,0.0
throw_boomerang,3,33.333333333333336,33.333333333333336,33.333333333333336,66.66666666666667,0.0,33.333333333333336
throw_paper-plane,3,33.333333333333336,66.66666666666667,33.333333333333336,66.66666666666667,33.333333333333336,66.66666666666667
throwing_bouquet,3,66.66666666666667,0.0,66.66666666666667,66.66666666666667,66.66666666666667,66.66666666666667
tight-rope_walking,3,33.333333333333336,0.0,33.333333333333336,33.333333333333336,33.333333333333336,33.333333333333336
tire_pull,3,33.333333333333336,0.0,33.333333333333336,33.333333333333336,33.333333333333336,33.333333333333336
tire_sled,3,0.0,0.0,0.0,0.0,0.0,0.0
trampoline,3,0.0,0.0,0.0,0.0,33.333333333333336,0.0
trapeze_interacting,3,0.0,0.0,0.0,0.0,0.0,0.0
trapeze_single,3,33.333333333333336,33.333333333333336,33.333333333333336,33.333333333333336,33.333333333333336,33.333333333333336
triple_jump_jump,3,100.0,100.0,100.0,100.0,100.0,100.0
triple_jump_run,3,0.0,0.0,0.0,0.0,0.0,0.0
tug_of_war,3,0.0,66.66666666666667,66.66666666666667,66.66666666666667,66.66666666666667,66.66666666666667
underarm_turn,3,0.0,66.66666666666667,66.66666666666667,66.66666666666667,66.66666666666667,66.66666666666667
unevenbar_cross,3,0.0,0.0,0.0,0.0,0.0,0.0
unevenbar_flip,3,33.333333333333336,66.66666666666667,66.66666666666667,66.66666666666667,100.0,66.66666666666667
unevenbar_jump,3,0.0,33.333333333333336,33.333333333333336,33.333333333333336,33.333333333333336,33.333333333333336
unevenbar_land,3,0.0,0.0,0.0,0.0,0.0,0.0
unevenbar_spin,3,66.66666666666667,33.333333333333336,66.66666666666667,66.66666666666667,66.66666666666667,66.66666666666667
unicycle_ride,3,66.66666666666667,0.0,33.333333333333336,33.333333333333336,33.333333333333336,66.66666666666667
using_inhaler,3,66.66666666666667,33.333333333333336,33.333333333333336,33.333333333333336,33.333333333333336,66.66666666666667
using_lawn_mower,3,33.333333333333336,100.0,66.66666666666667,33.333333333333336,66.66666666666667,100.0
using_lawn_mower_riding_type,3,33.333333333333336,66.66666666666667,33.333333333333336,33.333333333333336,33.333333333333336,66.66666666666667
using_metal_detector,3,33.333333333333336,0.0,0.0,0.0,0.0,33.333333333333336
using_scythe,3,66.66666666666667,33.333333333333336,66.66666666666667,66.66666666666667,66.66666666666667,66.66666666666667
using_spinning_wheel,3,0.0,0.0,0.0,0.0,0.0,0.0
using_string_trimmer,3,66.66666666666667,33.333333333333336,66.66666666666667,66.66666666666667,66.66666666666667,66.66666666666667
using_typewriter,3,0.0,0.0,0.0,0.0,0.0,0.0
volleyball_overhand,3,0.0,33.333333333333336,66.66666666666667,33.333333333333336,66.66666666666667,33.333333333333336
volleyball_pass,3,33.333333333333336,66.66666666666667,66.66666666666667,66.66666666666667,66.66666666666667,66.66666666666667
volleyball_set,3,100.0,66.66666666666667,100.0,100.0,100.0,100.0
volleyball_underhand,3,33.333333333333336,33.333333333333336,66.66666666666667,66.66666666666667,33.333333333333336,66.66666666666667
walking_on_stilts,3,0.0,0.0,0.0,0.0,0.0,0.0
walking_with_crutches,3,0.0,33.333333333333336,33.333333333333336,33.333333333333336,33.333333333333336,33.333333333333336
walking_with_walker,3,0.0,33.333333333333336,33.333333333333336,33.333333333333336,33.333333333333336,33.333333333333336
wall_paint_brush,3,0.0,0.0,0.0,0.0,0.0,0.0
wall_paint_roller,3,66.66666666666667,33.333333333333336,100.0,100.0,100.0,66.66666666666667
washing_clothes,3,0.0,0.0,0.0,0.0,0.0,0.0
washing_dishes,3,33.333333333333336,33.333333333333336,33.333333333333336,33.333333333333336,33.333333333333336,33.333333333333336
water_skiing,3,0.0,0.0,0.0,0.0,0.0,0.0
watering_plants,3,0.0,0.0,0.0,0.0,0.0,0.0
wear_face_mask,3,66.66666666666667,100.0,100.0,100.0,100.0,100.0
wear_helmet,3,0.0,33.333333333333336,33.333333333333336,33.333333333333336,33.333333333333336,33.333333333333336
weightlifting_hang,3,100.0,100.0,100.0,100.0,100.0,100.0
weightlifting_overhead,3,100.0,100.0,100.0,100.0,100.0,100.0
weightlifting_stand,3,100.0,100.0,100.0,100.0,100.0,100.0
whipping,3,0.0,33.333333333333336,33.333333333333336,33.333333333333336,33.333333333333336,33.333333333333336
whistle_one_hand,3,100.0,66.66666666666667,66.66666666666667,66.66666666666667,66.66666666666667,100.0
whistle_two_hands,3,66.66666666666667,66.66666666666667,66.66666666666667,66.66666666666667,66.66666666666667,66.66666666666667
windsurfing,3,0.0,33.333333333333336,33.333333333333336,33.333333333333336,33.333333333333336,33.333333333333336
workout_chest-pull,3,66.66666666666667,33.333333333333336,66.66666666666667,66.66666666666667,66.66666666666667,66.66666666666667
workout_crunch,3,100.0,100.0,100.0,100.0,100.0,100.0
yawning,3,0.0,0.0,0.0,0.0,0.0,0.0
yoga_bridge,3,100.0,100.0,100.0,100.0,100.0,100.0
yoga_cat,3,100.0,100.0,100.0,100.0,100.0,100.0
yoga_dancer,3,100.0,100.0,100.0,100.0,100.0,100.0
yoga_firefly,3,100.0,100.0,100.0,100.0,100.0,100.0
yoga_fish,3,100.0,100.0,100.0,100.0,100.0,100.0
yoga_gate,3,100.0,100.0,100.0,100.0,100.0,100.0
yoga_locust,3,66.66666666666667,66.66666666666667,66.66666666666667,66.66666666666667,66.66666666666667,66.66666666666667
yoga_lotus,3,100.0,100.0,100.0,100.0,100.0,100.0
yoga_pigeon,3,66.66666666666667,100.0,100.0,100.0,100.0,100.0
yoga_tree,3,100.0,100.0,100.0,100.0,100.0,100.0
yoga_triangle,3,66.66666666666667,66.66666666666667,66.66666666666667,66.66666666666667,66.66666666666667,66.66666666666667
yoga_updog,3,100.0,100.0,100.0,100.0,100.0,100.0
